label_frame,xmin,ymin,xmax,ymax,label_name
0,293,650,430,726,vehicle
0,605,626,640,725,pedestrian
0,1304,672,1560,857,vehicle
0,1556,605,1629,718,pedestrian
0,1061,533,1266,722,vehicle
0,950,508,981,550,sign
0,749,609,817,655,vehicle
0,650,608,675,715,pedestrian
0,742,617,778,725,pedestrian
0,1046,620,1073,668,vehicle
0,623,608,660,723,pedestrian
1,281,651,423,723,vehicle
1,588,598,650,737,pedestrian
1,720,621,761,727,pedestrian
1,1312,675,1593,871,vehicle
1,743,609,820,657,vehicle
1,1588,617,1652,733,pedestrian
1,1475,704,1918,1070,vehicle
1,1066,527,1276,724,vehicle
1,951,506,982,545,sign
1,1050,618,1078,670,vehicle
2,266,651,406,729,vehicle
2,705,627,741,722,pedestrian
2,1330,681,1646,892,vehicle
2,747,607,818,659,vehicle
2,589,609,631,730,pedestrian
2,565,633,601,723,pedestrian
2,1067,526,1288,727,vehicle
2,952,504,985,543,sign
2,1557,708,1914,1131,vehicle
2,1049,618,1080,670,vehicle
3,249,653,398,732,vehicle
3,681,619,729,731,pedestrian
3,1356,683,1679,902,vehicle
3,582,632,617,732,pedestrian
3,747,612,818,659,vehicle
3,553,635,581,727,pedestrian
3,953,506,983,545,sign
3,1446,689,1907,1187,vehicle
3,209,636,240,719,pedestrian
3,1076,525,1292,732,vehicle
3,1048,618,1081,674,vehicle
3,1617,598,1718,794,pedestrian
4,225,653,385,733,vehicle
4,664,635,705,725,pedestrian
4,746,612,817,660,vehicle
4,553,624,599,735,pedestrian
4,1639,510,1792,803,pedestrian
4,1368,686,1745,923,vehicle
4,533,632,563,730,pedestrian
4,954,508,983,538,sign
4,192,635,229,716,pedestrian
4,1669,781,1920,1108,vehicle
4,370,502,416,575,sign
4,1052,617,1083,674,vehicle
4,643,609,662,655,pedestrian
5,212,652,369,735,vehicle
5,1410,689,1807,949,vehicle
5,640,614,687,736,pedestrian
5,1657,502,1812,764,pedestrian
5,512,627,548,738,pedestrian
5,745,609,815,657,vehicle
5,953,502,986,536,sign
5,547,631,580,735,pedestrian
6,196,650,358,740,vehicle
6,626,607,669,743,pedestrian
6,745,607,815,656,vehicle
6,525,628,557,740,pedestrian
6,493,623,529,736,pedestrian
6,953,502,985,537,sign
6,1054,621,1087,669,vehicle
6,1818,903,1918,1216,vehicle
6,1423,692,1884,986,vehicle
7,176,653,343,740,vehicle
7,468,638,504,752,pedestrian
7,607,630,648,741,pedestrian
7,743,603,815,658,vehicle
7,506,637,542,743,pedestrian
7,1457,701,1920,1024,vehicle
7,953,502,985,538,sign
7,1710,489,1881,717,pedestrian
7,145,636,184,732,pedestrian
7,1055,623,1093,676,vehicle
7,1087,506,1341,743,vehicle
7,944,587,982,612,vehicle
8,150,657,331,746,vehicle
8,447,635,487,750,pedestrian
8,587,636,625,743,pedestrian
8,742,605,815,659,vehicle
8,1492,699,1913,1038,vehicle
8,488,637,522,744,pedestrian
8,954,502,984,537,sign
8,1098,507,1343,749,vehicle
8,1058,617,1098,677,vehicle
8,131,644,167,726,pedestrian
9,129,659,310,753,vehicle
9,558,629,603,752,pedestrian
9,427,630,461,748,pedestrian
9,738,605,814,660,vehicle
9,465,631,495,752,pedestrian
9,1058,621,1102,678,vehicle
9,953,501,985,539,sign
9,1526,711,1919,1093,vehicle
9,107,642,152,727,pedestrian
9,627,606,649,656,pedestrian
9,1093,503,1366,757,vehicle
10,112,658,297,757,vehicle
10,533,637,581,763,pedestrian
10,737,607,814,662,vehicle
10,401,627,467,765,pedestrian
10,954,501,985,537,sign
10,1060,617,1106,678,vehicle
10,1097,494,1383,762,vehicle
10,1591,704,1912,1108,vehicle
10,626,612,646,655,pedestrian
10,1797,469,1917,736,pedestrian
11,91,658,284,760,vehicle
11,503,638,554,767,pedestrian
11,376,642,411,766,pedestrian
11,414,635,455,763,pedestrian
11,737,604,813,660,vehicle
11,955,499,984,536,sign
11,1060,605,1114,676,vehicle
11,1111,494,1391,762,vehicle
11,625,611,645,663,pedestrian
12,68,657,261,764,vehicle
12,477,616,532,773,pedestrian
12,735,605,813,658,vehicle
12,346,646,394,773,pedestrian
12,1062,608,1117,676,vehicle
12,1111,491,1411,765,vehicle
12,956,497,986,534,sign
12,394,637,430,766,pedestrian
12,622,603,642,656,pedestrian
12,1712,798,1919,1124,vehicle
12,45,642,95,724,pedestrian
13,43,654,248,763,vehicle
13,452,636,508,771,pedestrian
13,321,642,365,764,pedestrian
13,733,602,810,657,vehicle
13,369,641,401,760,pedestrian
13,1064,605,1120,673,vehicle
13,1121,478,1440,775,vehicle
13,956,493,985,534,sign
13,1792,893,1919,1150,unknown
13,615,592,633,654,pedestrian
13,26,642,78,737,pedestrian
14,425,632,481,780,pedestrian
14,285,649,340,772,pedestrian
14,5,662,221,770,vehicle
14,730,605,811,661,vehicle
14,1063,607,1125,680,vehicle
14,1119,479,1464,792,vehicle
14,341,639,380,770,pedestrian
14,612,602,636,655,pedestrian
14,956,496,985,534,sign
15,269,650,310,776,pedestrian
15,4,668,208,780,vehicle
15,403,638,451,794,pedestrian
15,1133,478,1479,795,vehicle
15,733,607,807,664,vehicle
15,311,650,351,776,pedestrian
15,957,497,986,531,sign
15,609,606,632,661,pedestrian
15,1082,625,1129,686,vehicle
15,1176,235,1241,448,sign
15,1065,636,1106,673,vehicle
16,371,639,425,792,pedestrian
16,0,673,185,784,vehicle
16,242,658,286,769,pedestrian
16,727,607,806,665,vehicle
16,290,654,329,776,pedestrian
16,1134,475,1502,802,vehicle
16,1091,631,1132,688,vehicle
16,958,500,984,534,sign
16,604,615,632,665,pedestrian
16,1067,634,1098,672,vehicle
16,139,644,170,717,pedestrian
16,599,611,614,662,pedestrian
17,209,664,258,788,pedestrian
17,335,652,394,808,pedestrian
17,0,674,166,791,vehicle
17,723,606,807,667,vehicle
17,1139,463,1534,814,vehicle
17,260,652,300,784,pedestrian
17,1092,634,1135,692,vehicle
17,956,497,986,537,sign
17,1068,634,1101,673,vehicle
17,443,629,495,657,vehicle
17,601,613,624,665,pedestrian
17,617,607,636,661,pedestrian
18,305,644,359,807,pedestrian
18,181,663,225,786,pedestrian
18,0,682,143,794,vehicle
18,1141,455,1566,819,vehicle
18,730,607,803,667,vehicle
18,1097,634,1140,688,vehicle
18,238,658,271,788,pedestrian
18,956,496,985,532,sign
18,593,613,616,664,pedestrian
18,1070,635,1105,672,vehicle
19,2,684,120,793,vehicle
19,271,644,328,813,pedestrian
19,723,602,804,668,vehicle
19,146,664,195,794,pedestrian
19,1099,631,1146,692,vehicle
19,200,658,246,797,pedestrian
19,1147,455,1588,828,vehicle
19,956,494,986,536,sign
19,592,612,613,661,pedestrian
19,1073,634,1106,671,vehicle
20,236,656,291,809,pedestrian
20,715,603,801,664,vehicle
20,114,660,164,806,pedestrian
20,1097,631,1152,692,vehicle
20,2,699,96,793,vehicle
20,584,607,609,665,pedestrian
20,1152,436,1623,843,vehicle
20,170,660,217,804,pedestrian
20,957,495,984,532,sign
20,1485,534,1547,657,unknown
20,1070,635,1109,669,vehicle
20,610,604,629,658,pedestrian
21,1159,431,1662,852,vehicle
21,199,662,257,821,pedestrian
21,714,602,799,667,vehicle
21,1106,635,1159,697,vehicle
21,77,659,137,817,pedestrian
21,956,494,986,535,sign
21,580,608,605,665,pedestrian
21,139,660,184,809,pedestrian
21,1073,637,1110,673,vehicle
21,613,607,630,661,pedestrian
21,0,720,64,798,vehicle
22,153,652,221,820,pedestrian
22,713,603,797,664,vehicle
22,1160,420,1695,857,vehicle
22,45,667,106,807,pedestrian
22,1110,634,1162,694,vehicle
22,576,605,603,664,pedestrian
22,957,490,985,526,sign
22,93,666,142,812,pedestrian
22,1076,637,1114,672,vehicle
22,611,602,631,659,pedestrian
22,590,592,613,657,pedestrian
22,454,620,469,670,pedestrian
23,708,600,798,664,vehicle
23,1109,633,1171,698,vehicle
23,1164,400,1745,870,vehicle
23,117,662,181,820,pedestrian
23,956,488,984,533,sign
23,616,601,638,657,pedestrian
23,572,606,599,662,pedestrian
23,1076,631,1122,673,vehicle
23,943,580,984,613,vehicle
24,69,665,138,828,pedestrian
24,1110,631,1177,701,vehicle
24,705,602,794,664,vehicle
24,614,601,636,660,pedestrian
24,11,660,72,824,pedestrian
24,955,488,984,531,sign
24,1189,393,1802,902,vehicle
24,567,612,590,661,pedestrian
24,1082,635,1122,672,vehicle
24,444,618,460,669,pedestrian
24,675,557,694,581,sign
25,1112,632,1181,707,vehicle
25,698,601,790,667,vehicle
25,24,664,94,848,pedestrian
25,611,598,635,658,pedestrian
25,561,609,586,666,pedestrian
25,1079,635,1128,679,vehicle
25,955,488,985,525,sign
25,1198,376,1870,931,vehicle
25,324,600,435,660,vehicle
25,1,666,37,832,pedestrian
25,670,562,689,585,sign
26,1110,635,1187,708,vehicle
26,695,608,788,671,vehicle
26,1207,353,1913,957,vehicle
26,312,602,437,671,vehicle
26,553,616,580,667,pedestrian
26,609,602,630,661,pedestrian
26,954,490,984,530,sign
26,1081,634,1136,678,vehicle
26,1178,254,1215,318,75
26,880,589,930,617,vehicle
26,824,588,873,620,vehicle
26,194,578,266,648,59
27,1114,639,1196,711,vehicle
27,694,609,783,675,vehicle
27,1192,352,1920,963,vehicle
27,1080,634,1140,682,vehicle
27,548,618,574,669,pedestrian
27,325,609,430,672,vehicle
27,605,602,624,662,pedestrian
27,953,491,982,529,sign
27,662,564,684,592,sign
28,1114,637,1200,714,vehicle
28,1223,316,1920,1008,vehicle
28,691,615,779,676,vehicle
28,1080,634,1139,684,vehicle
28,543,622,568,674,pedestrian
28,603,603,622,669,pedestrian
28,949,491,977,533,sign
28,316,605,435,672,vehicle
28,658,563,681,591,sign
28,937,589,978,619,vehicle
29,1116,639,1210,716,vehicle
29,685,613,773,675,vehicle
29,597,599,622,665,pedestrian
29,532,618,559,673,pedestrian
29,1249,276,1920,1058,vehicle
29,1076,636,1136,684,vehicle
29,948,490,975,529,sign
29,128,579,225,712,59
29,1295,314,1902,848,63
29,289,603,416,670,vehicle
30,676,604,770,671,vehicle
30,1247,245,1920,1091,vehicle
30,1118,635,1215,714,vehicle
30,1075,629,1146,682,vehicle
30,595,607,617,662,pedestrian
30,527,617,553,668,pedestrian
30,946,484,971,529,sign
30,648,556,667,583,sign
31,1117,635,1223,715,vehicle
31,669,603,768,670,vehicle
31,1073,627,1147,681,vehicle
31,592,592,614,661,pedestrian
31,945,481,972,519,sign
31,518,612,547,668,pedestrian
32,1119,635,1225,723,vehicle
32,666,605,764,675,vehicle
32,1082,627,1150,681,vehicle
32,512,617,538,672,pedestrian
32,590,593,610,661,pedestrian
32,943,481,969,525,sign
32,71,568,165,722,59
32,638,554,661,582,sign
33,1121,633,1237,726,vehicle
33,660,598,758,674,vehicle
33,503,616,530,669,pedestrian
33,1081,630,1148,683,vehicle
33,940,479,968,516,sign
33,47,569,150,700,59
33,633,553,657,581,sign
33,199,623,303,694,vehicle
33,869,583,914,612,vehicle
33,927,579,965,610,vehicle
33,586,600,608,662,pedestrian
34,1124,634,1243,720,vehicle
34,657,598,751,669,vehicle
34,1088,628,1147,678,vehicle
34,937,474,968,516,sign
34,496,610,521,665,pedestrian
34,171,612,291,692,vehicle
34,627,550,655,580,sign
34,581,597,606,659,pedestrian
34,20,567,115,713,59
34,924,576,964,608,vehicle
34,876,580,912,606,vehicle
35,1122,626,1243,716,vehicle
35,651,593,750,665,vehicle
35,1084,619,1155,679,vehicle
35,150,600,286,686,vehicle
35,578,591,607,656,pedestrian
35,490,604,518,658,pedestrian
35,937,467,966,507,sign
35,1256,109,1920,1219,vehicle
35,266,603,355,645,vehicle
35,623,544,650,572,sign
35,912,568,963,601,vehicle
35,871,571,913,599,vehicle
36,1124,624,1265,716,vehicle
36,643,588,745,662,vehicle
36,1085,620,1156,680,vehicle
36,569,578,605,655,pedestrian
36,483,586,513,659,pedestrian
36,937,467,963,499,sign
36,861,570,911,596,vehicle
36,924,571,959,598,vehicle
36,1274,376,1912,1261,vehicle
36,141,589,267,677,vehicle
36,742,587,771,614,vehicle
37,1132,634,1258,731,vehicle
37,1088,624,1160,685,vehicle
37,642,590,742,671,vehicle
37,477,612,503,664,pedestrian
37,937,470,963,507,sign
37,575,587,603,662,pedestrian
37,1231,656,1304,785,vehicle
37,617,547,643,577,sign
37,868,574,911,604,vehicle
37,1284,471,1920,1251,vehicle
37,921,574,961,608,vehicle
38,1129,639,1274,740,vehicle
38,1089,631,1167,697,vehicle
38,638,611,739,681,vehicle
38,470,617,497,677,pedestrian
38,578,598,601,671,pedestrian
38,935,480,960,514,sign
38,1312,515,1920,1263,vehicle
38,615,554,637,584,sign
38,736,600,770,632,vehicle
38,85,613,239,704,vehicle
39,1138,652,1285,749,vehicle
39,1092,644,1170,707,vehicle
39,635,612,737,688,vehicle
39,936,484,962,526,sign
39,1267,682,1343,828,vehicle
39,609,560,637,592,sign
39,464,628,493,682,pedestrian
39,578,608,597,672,pedestrian
39,922,597,960,623,vehicle
40,1138,649,1293,747,vehicle
40,628,611,735,688,vehicle
40,1092,639,1173,707,vehicle
40,1271,682,1371,850,vehicle
40,456,621,488,682,pedestrian
40,936,481,962,512,sign
40,580,614,600,676,pedestrian
40,610,558,633,589,sign
40,846,575,977,632,vehicle
40,300,623,322,684,pedestrian
41,621,602,732,683,vehicle
41,1143,643,1312,747,vehicle
41,1096,635,1178,699,vehicle
41,1279,680,1397,830,vehicle
41,452,609,483,676,pedestrian
41,608,552,633,582,sign
41,938,474,964,506,sign
41,577,604,603,674,pedestrian
41,305,623,355,653,vehicle
41,1397,575,1910,1098,vehicle
41,206,617,294,658,vehicle
42,617,599,730,682,vehicle
42,1156,643,1315,749,vehicle
42,1104,635,1180,700,vehicle
42,448,605,478,676,pedestrian
42,1304,682,1431,840,vehicle
42,938,470,966,508,sign
42,171,620,228,653,vehicle
42,607,551,632,579,sign
42,1417,596,1920,1118,vehicle
42,246,618,317,653,vehicle
43,616,606,727,683,vehicle
43,1161,645,1329,755,vehicle
43,1316,685,1465,869,vehicle
43,1107,632,1190,704,vehicle
43,442,615,472,679,pedestrian
43,1451,583,1920,1112,vehicle
43,939,468,967,511,sign
43,602,549,632,583,sign
43,1416,489,1472,620,sign
43,159,625,216,655,vehicle
44,603,605,727,689,vehicle
44,1336,695,1520,899,vehicle
44,1112,635,1201,710,vehicle
44,1169,654,1340,767,vehicle
44,438,617,467,683,pedestrian
44,1490,569,1920,1237,vehicle
44,145,627,213,670,vehicle
44,942,475,967,508,sign
44,602,554,628,582,sign
44,215,622,295,668,vehicle
44,858,593,915,618,vehicle
45,1172,660,1354,772,vehicle
45,1118,648,1207,718,vehicle
45,1344,710,1562,917,vehicle
45,608,611,716,691,vehicle
45,433,620,463,684,pedestrian
45,1530,599,1920,1251,vehicle
45,1501,446,1581,632,sign
45,601,555,627,584,sign
45,945,477,970,515,sign
45,135,631,205,675,vehicle
45,866,595,923,621,vehicle
46,608,611,716,695,vehicle
46,1183,662,1370,775,vehicle
46,1114,643,1216,721,vehicle
46,1363,709,1639,939,vehicle
46,1590,585,1920,1264,vehicle
46,429,620,461,687,pedestrian
46,600,556,625,585,sign
46,255,623,281,687,pedestrian
46,946,476,972,515,sign
46,267,627,335,668,vehicle
47,1187,662,1390,779,vehicle
47,1126,647,1221,721,vehicle
47,596,609,716,695,vehicle
47,1388,709,1703,953,vehicle
47,1678,620,1920,1273,vehicle
47,427,615,461,690,pedestrian
47,598,553,625,583,sign
47,947,474,972,514,sign
47,250,630,276,685,pedestrian
47,129,629,214,667,vehicle
47,863,595,932,622,vehicle
48,1406,721,1788,971,vehicle
48,1195,665,1404,787,vehicle
48,592,604,713,697,vehicle
48,1129,646,1229,723,vehicle
48,247,629,272,687,pedestrian
48,422,624,456,689,pedestrian
48,596,553,624,582,sign
48,949,474,975,507,sign
48,1094,648,1118,687,pedestrian
49,1432,729,1907,1008,vehicle
49,1208,666,1421,795,vehicle
49,1131,649,1237,726,vehicle
49,588,609,714,700,vehicle
49,423,616,457,691,pedestrian
49,234,622,266,695,pedestrian
49,95,607,267,678,vehicle
49,949,471,978,508,sign
49,409,617,433,688,pedestrian
49,594,554,624,582,sign
49,866,598,922,620,vehicle
50,1462,734,1915,1035,vehicle
50,1143,650,1248,730,vehicle
50,1218,666,1442,803,vehicle
50,583,609,712,700,vehicle
50,418,614,456,694,pedestrian
50,217,621,317,663,vehicle
50,949,468,978,513,sign
50,860,595,925,622,vehicle
50,405,617,431,691,pedestrian
50,593,553,621,583,sign
50,798,597,846,626,vehicle
50,135,628,207,662,vehicle
51,1488,740,1915,1073,vehicle
51,1142,644,1257,732,vehicle
51,1227,667,1454,802,vehicle
51,582,608,708,697,vehicle
51,234,623,315,657,vehicle
51,412,616,446,692,pedestrian
51,65,611,181,672,vehicle
51,592,552,617,581,sign
51,398,628,425,689,pedestrian
51,951,467,977,513,sign
51,216,621,246,699,pedestrian
51,1132,401,1167,463,sign
52,1527,743,1920,1113,vehicle
52,573,600,706,698,vehicle
52,1237,668,1477,809,vehicle
52,1146,641,1271,730,vehicle
52,584,547,617,581,sign
52,422,620,448,687,pedestrian
52,950,462,980,497,sign
52,386,632,409,683,pedestrian
52,263,625,311,656,vehicle
52,735,604,766,633,vehicle
52,407,626,431,685,pedestrian
52,210,622,236,698,pedestrian
53,1578,754,1918,1169,vehicle
53,564,595,697,700,vehicle
53,1153,641,1277,733,vehicle
53,1249,662,1500,814,vehicle
53,209,616,297,655,vehicle
53,583,547,611,578,sign
53,422,622,444,686,pedestrian
53,950,459,982,501,sign
53,1108,638,1139,686,pedestrian
53,801,589,844,620,vehicle
54,1619,771,1917,1190,vehicle
54,560,600,691,701,vehicle
54,1158,641,1285,736,vehicle
54,1258,666,1519,822,vehicle
54,419,618,441,686,pedestrian
54,952,457,983,502,sign
54,583,546,609,575,sign
54,372,629,406,686,pedestrian
54,192,621,217,693,pedestrian
54,253,624,293,654,vehicle
54,941,587,975,611,vehicle
55,552,601,692,703,vehicle
55,1672,777,1919,1136,vehicle
55,1266,674,1543,838,vehicle
55,1154,643,1295,740,vehicle
55,359,632,421,692,18
55,415,619,436,687,pedestrian
55,115,601,295,659,vehicle
55,580,544,608,581,sign
55,954,455,984,495,sign
55,944,590,976,615,vehicle
55,686,611,730,640,vehicle
56,1286,681,1570,845,vehicle
56,543,601,688,705,vehicle
56,1163,645,1301,745,vehicle
56,181,621,286,661,vehicle
56,1733,846,1920,1142,vehicle
56,410,623,437,693,pedestrian
56,1,621,87,682,vehicle
56,576,546,608,580,sign
56,954,458,985,503,sign
56,64,623,158,672,vehicle
56,353,639,400,696,18
57,1293,683,1599,855,vehicle
57,534,605,682,710,vehicle
57,1172,649,1307,750,vehicle
57,401,626,436,699,pedestrian
57,0,619,71,699,vehicle
57,167,622,286,666,vehicle
57,574,548,607,584,sign
57,955,460,987,505,sign
57,158,623,190,699,pedestrian
57,356,640,383,697,pedestrian
57,950,673,982,693,vehicle
57,50,614,157,679,vehicle
57,372,641,397,695,pedestrian
57,1120,648,1199,695,vehicle
58,534,607,673,713,vehicle
58,1,633,61,694,vehicle
58,1173,649,1320,753,vehicle
58,1306,687,1629,866,vehicle
58,157,619,281,665,vehicle
58,401,622,434,697,pedestrian
58,338,632,374,699,pedestrian
58,570,546,602,583,sign
58,955,457,986,498,sign
58,155,621,182,707,pedestrian
58,677,619,724,646,vehicle
58,388,621,410,694,pedestrian
58,1840,342,1920,536,sign
58,58,628,136,672,vehicle
59,520,603,671,713,vehicle
59,1183,646,1338,753,vehicle
59,1319,687,1659,880,vehicle
59,175,620,278,661,vehicle
59,0,620,131,683,vehicle
59,566,544,597,581,sign
59,404,622,427,691,pedestrian
59,324,630,369,698,18
59,955,452,988,497,sign
59,690,616,729,644,vehicle
59,865,597,907,618,vehicle
60,1336,687,1699,884,vehicle
60,1189,645,1344,761,vehicle
60,518,604,671,716,vehicle
60,149,615,271,660,vehicle
60,9,612,127,683,vehicle
60,564,540,594,576,sign
60,396,619,422,691,pedestrian
60,377,627,409,692,pedestrian
60,1450,619,1507,689,pedestrian
60,956,449,991,495,sign
60,245,626,274,655,vehicle
60,321,631,357,698,pedestrian
61,1347,694,1741,901,vehicle
61,1193,646,1357,762,vehicle
61,505,599,658,715,vehicle
61,168,616,271,657,vehicle
61,394,616,420,693,pedestrian
61,560,541,594,575,sign
61,1132,653,1198,701,2
61,958,450,989,494,sign
61,373,623,409,694,pedestrian
61,671,613,725,644,vehicle
61,17,612,102,669,vehicle
61,121,621,152,705,pedestrian
61,135,511,161,544,sign
62,1363,697,1787,917,vehicle
62,1206,649,1374,763,vehicle
62,495,602,651,718,vehicle
62,164,617,262,660,vehicle
62,391,618,419,696,pedestrian
62,12,613,91,668,vehicle
62,959,439,1028,500,sign
62,559,544,588,574,sign
62,240,626,275,657,vehicle
62,668,615,723,643,vehicle
62,109,621,141,702,pedestrian
62,958,447,991,489,sign
62,300,630,341,698,pedestrian
62,1133,656,1216,702,2
62,364,630,400,696,pedestrian
63,1379,694,1839,941,vehicle
63,1210,652,1386,769,vehicle
63,487,600,652,721,vehicle
63,150,615,271,660,vehicle
63,11,609,110,659,vehicle
63,387,616,418,697,pedestrian
63,554,541,587,576,sign
63,355,624,397,696,pedestrian
63,97,625,127,707,pedestrian
63,1219,357,1259,430,sign
63,958,444,991,493,sign
63,288,632,330,699,pedestrian
63,1174,360,1216,436,sign
63,1135,652,1217,705,2
63,657,614,717,643,vehicle
64,1217,653,1401,773,vehicle
64,1396,699,1894,952,vehicle
64,140,609,275,660,vehicle
64,478,600,654,720,vehicle
64,377,611,412,696,pedestrian
64,960,445,991,486,sign
64,553,539,581,568,sign
64,5,614,90,666,vehicle
64,1176,360,1221,435,sign
64,1152,649,1177,699,pedestrian
64,657,611,716,643,vehicle
64,93,504,121,532,sign
64,285,639,322,701,pedestrian
64,353,643,385,697,pedestrian
65,1224,653,1416,776,vehicle
65,1411,709,1909,975,vehicle
65,381,618,406,696,pedestrian
65,133,608,271,664,vehicle
65,271,628,310,702,pedestrian
65,466,597,646,724,vehicle
65,77,620,121,702,pedestrian
65,960,442,994,490,sign
65,357,629,383,695,pedestrian
65,548,538,582,573,sign
65,1139,654,1231,710,2
65,1032,618,1082,649,vehicle
66,1226,657,1430,788,vehicle
66,1430,724,1915,999,vehicle
66,458,598,654,727,vehicle
66,146,619,285,668,vehicle
66,374,618,401,699,pedestrian
66,960,442,995,487,sign
66,351,633,378,699,pedestrian
66,545,537,580,571,sign
66,65,624,110,707,pedestrian
66,266,626,299,705,pedestrian
66,358,783,541,863,35
66,1579,619,1633,723,pedestrian
66,100,624,155,662,vehicle
66,2,610,123,667,vehicle
66,547,341,612,417,sign
66,1185,351,1228,430,sign
67,1246,663,1443,796,vehicle
67,1464,725,1918,1026,vehicle
67,147,615,267,671,vehicle
67,1605,629,1658,734,pedestrian
67,451,597,625,733,vehicle
67,345,620,388,703,pedestrian
67,256,627,287,711,pedestrian
67,77,625,143,667,vehicle
67,541,542,577,581,sign
67,960,443,994,491,sign
67,1143,668,1243,718,2
67,238,636,263,709,pedestrian
67,1188,354,1233,432,sign
67,49,624,90,714,pedestrian
67,1238,349,1281,425,sign
67,1210,505,1231,545,sign
68,1251,667,1458,804,vehicle
68,439,608,618,739,vehicle
68,1477,737,1920,1059,vehicle
68,145,617,266,674,vehicle
68,364,622,394,709,pedestrian
68,238,634,280,716,pedestrian
68,1623,637,1690,747,pedestrian
68,34,623,75,720,pedestrian
68,341,625,379,708,pedestrian
68,537,544,568,580,sign
68,85,622,148,671,vehicle
68,1149,665,1263,726,2
68,961,446,992,486,sign
68,2,622,80,666,vehicle
68,1210,509,1231,547,sign
69,1256,669,1478,805,vehicle
69,422,608,607,742,vehicle
69,219,635,264,714,pedestrian
69,329,623,389,708,pedestrian
69,1517,745,1920,1107,vehicle
69,1643,638,1716,764,pedestrian
69,1155,671,1263,731,2
69,61,630,141,672,vehicle
69,531,543,566,583,sign
69,142,622,257,670,vehicle
69,960,444,997,498,sign
69,18,620,61,720,pedestrian
69,1212,509,1232,545,sign
70,1272,680,1498,822,vehicle
70,1685,643,1751,783,pedestrian
70,411,613,605,750,vehicle
70,1544,763,1920,1149,vehicle
70,337,625,386,713,pedestrian
70,221,636,256,722,pedestrian
70,527,545,562,584,sign
70,38,629,121,674,vehicle
70,144,626,295,672,vehicle
70,960,446,998,497,sign
70,252,638,298,669,vehicle
70,8,628,45,721,pedestrian
70,861,588,1006,660,vehicle
70,143,633,180,670,vehicle
71,1278,683,1516,834,vehicle
71,1718,643,1797,810,pedestrian
71,1581,771,1917,1191,vehicle
71,400,618,601,755,vehicle
71,24,619,115,678,vehicle
71,1167,674,1271,736,2
71,150,627,297,678,vehicle
71,960,447,1001,499,sign
71,184,662,202,724,pedestrian
71,201,665,241,728,pedestrian
71,347,632,378,716,pedestrian
71,526,550,561,593,sign
71,324,666,358,716,pedestrian
71,857,588,999,646,vehicle
71,592,627,674,665,vehicle
71,1220,513,1238,548,sign
72,1289,684,1538,835,vehicle
72,1632,800,1917,1132,vehicle
72,1749,646,1840,842,pedestrian
72,389,614,597,758,vehicle
72,10,623,98,678,vehicle
72,1170,672,1282,741,2
72,162,627,306,679,vehicle
72,522,549,554,586,sign
72,958,443,1002,495,sign
72,170,640,202,730,pedestrian
72,322,652,359,716,pedestrian
72,190,660,225,730,pedestrian
72,793,587,853,633,vehicle
72,870,592,967,626,vehicle
72,1224,512,1244,546,sign
72,273,639,309,671,vehicle
72,624,630,683,662,vehicle
72,89,640,120,673,vehicle
72,1040,632,1082,663,vehicle
73,1298,683,1561,843,vehicle
73,1686,824,1920,1111,vehicle
73,1,620,113,675,vehicle
73,1792,654,1897,874,pedestrian
73,371,611,584,757,vehicle
73,315,617,357,721,pedestrian
73,163,625,311,678,vehicle
73,627,618,663,711,pedestrian
73,164,635,210,727,pedestrian
73,516,545,549,582,sign
73,960,440,996,485,sign
73,1170,670,1278,735,2
73,1226,509,1248,544,sign
74,1302,682,1584,850,vehicle
74,1838,654,1918,882,pedestrian
74,1730,886,1919,1147,vehicle
74,162,618,314,674,vehicle
74,349,605,577,760,vehicle
74,4,615,96,672,vehicle
74,627,610,664,711,pedestrian
74,158,627,200,727,pedestrian
74,835,604,858,661,pedestrian
74,961,436,996,482,sign
74,85,623,151,670,vehicle
74,511,538,548,587,sign
74,1229,505,1249,541,sign
74,1464,456,1494,519,sign
74,1171,669,1302,736,2
74,270,631,321,671,vehicle
75,1315,681,1606,853,vehicle
75,178,614,308,667,vehicle
75,1787,917,1920,1169,vehicle
75,338,604,571,761,vehicle
75,3,617,102,667,vehicle
75,624,610,670,707,pedestrian
75,506,534,539,566,sign
75,960,429,997,479,sign
75,828,587,853,654,pedestrian
75,132,641,180,718,pedestrian
75,288,629,338,713,pedestrian
75,89,625,138,666,vehicle
75,1177,664,1295,734,vehicle
76,1325,681,1636,865,vehicle
76,307,600,558,762,vehicle
76,181,612,314,665,vehicle
76,0,610,115,667,vehicle
76,129,635,165,721,pedestrian
76,622,602,686,712,pedestrian
76,1187,666,1308,737,2
76,501,532,535,564,sign
76,100,628,135,721,pedestrian
76,960,426,996,479,sign
76,1232,495,1251,528,sign
76,1038,623,1116,660,vehicle
77,1333,695,1665,883,vehicle
77,287,610,549,770,vehicle
77,619,607,679,717,pedestrian
77,1,616,98,672,vehicle
77,194,622,315,671,vehicle
77,1188,671,1279,743,2
77,100,631,146,731,pedestrian
77,495,538,527,570,sign
77,816,589,842,664,pedestrian
77,957,431,993,500,sign
77,1035,628,1087,664,vehicle
77,1490,446,1535,539,sign
77,1235,503,1250,535,sign
78,1344,705,1698,900,vehicle
78,277,615,534,785,vehicle
78,196,629,299,682,vehicle
78,4,621,101,684,vehicle
78,77,643,134,739,pedestrian
78,488,545,519,581,sign
78,623,620,670,719,pedestrian
78,807,602,832,669,pedestrian
78,954,436,991,491,sign
78,1235,507,1255,544,sign
78,1038,635,1084,667,vehicle
79,1359,715,1735,917,vehicle
79,249,625,520,795,vehicle
79,204,630,298,684,vehicle
79,62,658,114,748,pedestrian
79,6,632,150,695,vehicle
79,480,550,513,587,sign
79,1195,691,1320,765,2
79,1234,511,1254,545,sign
79,952,437,987,493,sign
79,802,605,834,673,pedestrian
79,101,649,155,687,vehicle
79,1023,635,1101,672,vehicle
79,870,598,941,627,vehicle
79,937,599,981,629,vehicle
79,625,632,672,732,pedestrian
80,1368,720,1772,934,vehicle
80,226,623,508,800,vehicle
80,1,629,163,688,vehicle
80,629,627,671,734,pedestrian
80,473,548,506,580,sign
80,45,663,95,751,pedestrian
80,1236,509,1256,545,sign
80,951,435,986,488,sign
80,905,599,973,627,vehicle
80,1205,688,1330,770,2
80,873,600,932,626,vehicle
81,1393,719,1813,954,vehicle
81,208,624,493,799,vehicle
81,0,629,161,686,vehicle
81,1203,691,1341,771,vehicle
81,468,549,503,587,sign
81,624,628,678,730,pedestrian
81,24,656,77,754,pedestrian
81,1238,506,1258,539,sign
81,1036,634,1078,666,vehicle
81,123,647,168,685,vehicle
81,880,600,949,625,vehicle
81,940,599,973,626,vehicle
81,949,431,983,482,sign
82,1404,726,1851,979,vehicle
82,188,623,483,808,vehicle
82,623,626,683,739,pedestrian
82,12,630,154,700,vehicle
82,463,550,492,580,sign
82,9,656,60,758,pedestrian
82,948,431,984,489,sign
82,132,648,179,688,vehicle
82,776,614,801,676,pedestrian
82,1204,694,1347,776,vehicle
82,935,594,977,627,vehicle
82,1238,505,1262,544,sign
83,1422,735,1901,1000,vehicle
83,623,633,678,743,pedestrian
83,157,626,469,825,vehicle
83,1,634,166,720,vehicle
83,456,552,485,587,sign
83,1030,637,1083,675,vehicle
83,1242,511,1262,546,sign
83,1209,698,1355,788,vehicle
83,4,680,42,764,pedestrian
83,849,609,879,632,vehicle
83,772,602,828,641,vehicle
83,863,603,912,630,vehicle
84,1445,746,1920,1026,vehicle
84,130,633,455,825,vehicle
84,634,637,674,737,pedestrian
84,446,553,480,587,sign
84,4,638,162,758,vehicle
84,1243,510,1262,548,sign
84,944,433,979,498,sign
84,1026,636,1082,675,vehicle
84,1216,718,1363,793,2
84,878,603,945,633,vehicle
84,931,600,974,632,vehicle
84,759,626,786,687,pedestrian
85,1470,753,1918,1062,vehicle
85,98,630,447,838,vehicle
85,0,637,143,723,vehicle
85,634,640,679,743,pedestrian
85,578,639,634,678,vehicle
85,440,552,475,585,sign
85,336,634,450,695,vehicle
85,944,433,979,501,sign
85,1245,509,1266,551,sign
85,871,601,950,634,vehicle
85,930,601,976,633,vehicle
86,1502,753,1917,1087,vehicle
86,633,634,682,747,pedestrian
86,54,635,424,848,vehicle
86,328,630,468,695,vehicle
86,31,653,88,718,vehicle
86,434,551,469,600,sign
86,1230,715,1380,799,2
86,1245,507,1266,541,sign
86,575,641,634,676,vehicle
86,943,430,978,481,sign
86,924,593,976,633,vehicle
86,842,608,874,633,vehicle
86,1023,639,1088,676,vehicle
87,1533,763,1919,1112,vehicle
87,33,639,408,851,vehicle
87,628,627,704,754,pedestrian
87,303,628,495,694,vehicle
87,1239,703,1397,802,2
87,428,547,461,587,sign
87,941,421,980,478,sign
87,573,639,631,676,vehicle
87,772,601,823,637,vehicle
87,1248,501,1268,537,sign
87,893,600,942,623,vehicle
87,860,600,911,631,vehicle
88,1559,760,1917,1159,vehicle
88,630,625,703,753,pedestrian
88,4,628,384,855,vehicle
88,321,625,512,691,vehicle
88,1242,703,1406,803,2
88,563,636,644,672,vehicle
88,1681,0,1802,83,sign
88,941,418,977,464,sign
88,424,542,456,582,sign
88,928,593,971,623,vehicle
88,853,601,915,627,vehicle
88,901,601,936,622,vehicle
88,843,605,873,629,vehicle
88,758,606,822,635,vehicle
88,1254,496,1274,531,sign
89,1600,765,1915,1188,vehicle
89,644,622,703,750,pedestrian
89,0,631,372,867,vehicle
89,348,626,526,696,vehicle
89,1257,494,1278,532,sign
89,942,415,975,463,sign
89,416,542,450,579,sign
89,567,636,632,672,vehicle
89,928,597,972,625,vehicle
89,333,659,404,714,vehicle
89,1701,0,1790,71,sign
89,725,609,750,677,pedestrian
89,868,601,907,626,vehicle
89,1253,710,1420,804,vehicle
89,1357,640,1380,686,pedestrian
90,1637,790,1915,1173,vehicle
90,252,648,452,722,vehicle
90,4,633,351,878,vehicle
90,377,628,549,697,vehicle
90,560,634,623,676,vehicle
90,650,624,698,759,pedestrian
90,409,542,444,583,sign
90,941,417,976,465,sign
90,1262,704,1435,816,2
90,928,596,974,627,vehicle
90,842,599,916,629,vehicle
90,1032,637,1129,678,vehicle
90,1258,495,1281,536,sign
90,717,609,744,682,pedestrian
90,897,600,944,622,vehicle
90,1157,544,1181,586,sign
91,1683,796,1917,1168,vehicle
91,0,637,326,888,vehicle
91,656,622,700,760,pedestrian
91,284,648,501,731,vehicle
91,1261,720,1440,819,2
91,379,631,568,702,vehicle
91,940,412,978,468,sign
91,1261,489,1285,535,sign
91,405,544,435,585,sign
91,1160,545,1185,581,sign
91,577,637,637,675,vehicle
91,1025,631,1101,673,vehicle
91,843,599,937,630,vehicle
91,712,613,735,678,pedestrian
91,932,600,967,624,vehicle
92,656,616,715,758,pedestrian
92,0,635,307,893,vehicle
92,301,628,585,729,vehicle
92,1728,841,1920,1156,vehicle
92,1277,708,1453,825,2
92,151,630,307,708,vehicle
92,1267,486,1288,527,sign
92,1162,536,1188,579,sign
92,942,405,979,470,sign
92,1030,631,1098,667,vehicle
92,399,537,435,580,sign
92,534,639,598,688,vehicle
92,866,597,938,624,vehicle
92,931,591,975,622,vehicle
92,838,602,869,627,vehicle
93,653,607,730,765,pedestrian
93,1,627,284,895,vehicle
93,355,622,617,723,vehicle
93,169,624,352,697,vehicle
93,1782,899,1920,1148,vehicle
93,1031,623,1086,658,vehicle
93,940,398,978,450,sign
93,1293,692,1471,819,2
93,1272,476,1293,518,sign
93,392,533,426,567,sign
93,934,589,974,613,vehicle
93,843,596,872,617,vehicle
93,550,626,625,676,vehicle
94,414,619,668,716,vehicle
94,659,620,725,752,pedestrian
94,174,619,373,691,vehicle
94,1,622,260,902,vehicle
94,941,386,977,441,sign
94,1274,470,1294,508,sign
94,387,525,422,562,sign
94,1303,706,1492,824,2
94,1029,621,1092,652,vehicle
94,339,638,385,681,vehicle
94,1852,937,1920,1198,vehicle
94,931,578,972,609,vehicle
94,1166,521,1195,563,sign
94,842,590,871,611,vehicle
95,472,615,739,719,vehicle
95,0,615,235,905,vehicle
95,210,619,406,690,vehicle
95,1027,610,1095,649,vehicle
95,380,519,418,562,sign
95,942,384,977,442,sign
95,1170,521,1198,555,sign
95,1280,466,1298,505,sign
95,870,576,933,604,vehicle
95,933,574,973,605,vehicle
96,3,613,216,916,vehicle
96,530,627,808,721,vehicle
96,680,616,731,758,pedestrian
96,232,622,427,693,vehicle
96,497,610,596,679,vehicle
96,1285,466,1309,507,sign
96,942,384,980,443,sign
96,1022,610,1096,650,vehicle
96,373,524,408,563,sign
96,1171,523,1202,554,sign
96,145,644,193,692,vehicle
97,0,632,183,894,vehicle
97,260,623,446,699,vehicle
97,681,619,742,771,pedestrian
97,612,642,875,721,vehicle
97,526,610,689,695,vehicle
97,150,639,222,700,vehicle
97,427,623,522,683,vehicle
97,19,630,222,712,vehicle
97,367,526,403,564,sign
97,941,387,979,440,sign
97,1288,470,1310,513,sign
97,1052,627,1126,661,vehicle
97,936,585,973,611,vehicle
97,1175,525,1201,569,sign
98,0,661,161,888,vehicle
98,678,634,769,785,pedestrian
98,714,631,949,732,vehicle
98,552,618,707,705,vehicle
98,285,629,487,707,vehicle
98,10,639,268,718,vehicle
98,93,641,150,754,pedestrian
98,939,391,980,460,sign
98,1349,718,1552,864,2
98,363,532,395,578,sign
98,1461,657,1480,710,pedestrian
98,1030,632,1097,666,vehicle
98,449,639,498,695,vehicle
98,1175,533,1203,575,sign
98,1508,312,1588,386,sign
99,682,630,771,794,pedestrian
99,746,635,1023,739,vehicle
99,86,641,146,821,pedestrian
99,84,637,294,721,vehicle
99,319,633,520,711,vehicle
99,0,703,121,915,vehicle
99,590,624,754,707,vehicle
99,527,640,593,685,vehicle
99,1297,481,1317,523,sign
99,354,535,392,579,sign
99,1366,737,1585,880,2
99,1037,638,1109,678,vehicle
99,941,396,982,461,sign
99,1174,536,1210,582,sign
99,473,648,525,705,vehicle
100,810,634,1098,742,vehicle
100,69,653,144,827,pedestrian
100,694,627,775,798,pedestrian
100,89,637,331,721,vehicle
100,623,624,850,705,vehicle
100,346,632,550,711,vehicle
100,0,722,85,926,vehicle
100,1382,730,1619,889,vehicle
100,1302,478,1325,523,sign
100,351,534,389,576,sign
100,551,636,619,680,vehicle
100,1185,535,1218,576,sign
100,942,389,984,461,sign
101,892,637,1177,733,vehicle
101,50,647,125,831,pedestrian
101,115,633,366,717,vehicle
101,375,625,585,708,vehicle
101,710,641,780,791,pedestrian
101,649,621,933,702,vehicle
101,0,746,49,922,vehicle
101,944,382,987,451,sign
101,345,529,380,567,sign
101,541,636,594,694,vehicle
101,1438,731,1491,830,pedestrian
101,1306,472,1327,515,sign
101,1386,741,1634,890,vehicle
101,1186,527,1219,569,sign
101,1690,409,1752,483,74
102,950,637,1253,738,vehicle
102,691,617,899,698,vehicle
102,404,619,623,710,vehicle
102,152,628,414,714,vehicle
102,39,641,109,826,pedestrian
102,719,642,782,803,pedestrian
102,1403,727,1658,894,vehicle
102,944,378,983,452,sign
102,339,525,375,566,sign
102,1311,466,1331,510,sign
102,1545,287,1638,357,sign
102,581,628,641,690,vehicle
102,22,754,81,830,37
103,1036,634,1337,741,vehicle
103,442,622,671,709,vehicle
103,194,627,451,718,vehicle
103,8,655,94,839,pedestrian
103,714,607,933,700,vehicle
103,728,628,793,803,pedestrian
103,944,373,985,437,sign
103,1316,466,1340,514,sign
103,333,525,367,567,sign
103,1193,523,1225,564,sign
103,911,613,1054,688,vehicle
103,1429,728,1685,907,vehicle
104,727,633,818,807,pedestrian
104,20,640,86,847,pedestrian
104,1115,634,1427,745,vehicle
104,240,631,492,721,vehicle
104,473,625,716,711,vehicle
104,745,610,983,704,vehicle
104,1033,623,1109,671,vehicle
104,945,372,985,442,sign
104,326,526,362,565,sign
104,1194,522,1228,559,sign
104,1446,719,1719,926,2
104,57,679,108,715,vehicle
105,725,626,824,812,pedestrian
105,0,642,94,859,pedestrian
105,1199,632,1508,746,vehicle
105,806,605,1022,704,vehicle
105,514,621,732,710,vehicle
105,281,629,554,721,vehicle
105,1464,743,1734,932,vehicle
105,58,672,138,719,vehicle
105,944,366,990,433,sign
105,320,522,358,563,sign
105,1043,629,1104,664,vehicle
105,1589,252,1696,344,sign
105,1198,521,1230,559,sign
105,1323,460,1346,508,sign
105,1532,367,1564,430,sign
105,471,645,564,713,vehicle
106,746,631,830,814,pedestrian
106,327,626,598,718,vehicle
106,0,643,90,858,pedestrian
106,1282,636,1581,746,vehicle
106,830,606,1073,704,vehicle
106,549,617,785,709,vehicle
106,28,641,173,728,vehicle
106,1532,686,1602,835,pedestrian
106,1473,750,1775,938,vehicle
106,944,364,989,430,sign
106,1200,520,1233,558,sign
106,313,521,351,566,sign
106,1328,458,1354,507,sign
106,1602,248,1711,339,sign
107,768,627,836,804,pedestrian
107,373,627,649,718,vehicle
107,13,640,218,734,vehicle
107,1378,639,1626,749,vehicle
107,608,621,776,705,vehicle
107,0,658,62,866,pedestrian
107,867,610,1106,704,vehicle
107,943,361,988,426,sign
107,307,519,345,566,sign
107,1202,517,1234,557,sign
107,1555,354,1593,425,sign
107,1506,764,1807,954,vehicle
108,777,626,854,815,pedestrian
108,431,624,711,717,vehicle
108,13,640,243,735,vehicle
108,1455,648,1544,735,vehicle
108,909,613,1141,704,vehicle
108,941,357,991,426,sign
108,1521,764,1836,968,vehicle
108,1627,233,1747,332,sign
108,660,620,893,699,vehicle
108,299,518,338,563,sign
108,1205,516,1239,558,sign
108,3,644,36,870,pedestrian
108,178,667,247,724,vehicle
108,1338,455,1358,499,sign
109,779,611,866,833,pedestrian
109,481,625,744,718,vehicle
109,11,638,288,737,vehicle
109,679,619,939,702,vehicle
109,957,603,1199,705,vehicle
109,940,353,993,422,sign
109,292,513,331,564,sign
109,1209,514,1239,553,sign
109,1585,339,1619,419,sign
110,783,638,900,831,pedestrian
110,542,623,800,717,vehicle
110,39,642,316,740,vehicle
110,743,615,983,705,vehicle
110,1004,615,1248,704,vehicle
110,943,351,989,420,sign
110,9,634,90,706,vehicle
110,231,656,336,728,vehicle
110,1214,513,1242,554,sign
110,286,514,323,562,sign
110,1588,331,1626,404,sign
110,507,621,586,668,vehicle
110,1566,763,1915,1001,vehicle
111,794,631,906,840,pedestrian
111,95,641,352,741,vehicle
111,1,632,133,725,vehicle
111,600,624,866,721,vehicle
111,1047,605,1302,707,vehicle
111,833,620,1028,708,vehicle
111,280,511,318,560,sign
111,1215,513,1245,555,sign
111,943,350,987,418,sign
111,264,659,386,728,vehicle
111,1607,330,1645,407,sign
111,1674,198,1803,317,sign
111,1350,447,1369,497,sign
112,826,628,910,839,pedestrian
112,129,635,439,743,vehicle
112,840,621,1082,711,vehicle
112,10,628,165,722,vehicle
112,1096,613,1353,707,vehicle
112,661,626,870,720,vehicle
112,944,347,989,418,sign
112,1613,774,1898,1026,vehicle
112,0,665,69,751,vehicle
112,276,509,314,560,sign
112,1354,446,1376,495,sign
112,1218,513,1248,556,sign
113,838,627,914,850,pedestrian
113,179,634,491,744,vehicle
113,724,621,1023,720,vehicle
113,4,674,119,757,vehicle
113,944,343,994,418,sign
113,923,618,1144,714,vehicle
113,45,633,223,729,vehicle
113,1639,766,1907,1045,vehicle
113,1150,608,1404,709,vehicle
113,268,507,307,555,sign
113,1709,179,1844,306,sign
113,1647,737,1691,842,11
113,1220,513,1251,550,sign
113,1356,443,1380,486,sign
114,854,626,934,859,pedestrian
114,1668,807,1906,1063,vehicle
114,220,637,544,743,vehicle
114,0,651,166,769,vehicle
114,796,624,1075,718,vehicle
114,84,634,260,739,vehicle
114,971,615,1202,715,vehicle
114,945,340,990,418,sign
114,1205,615,1465,710,vehicle
114,1662,741,1711,851,11
114,528,616,600,669,vehicle
114,260,506,301,557,sign
114,1722,177,1890,301,sign
114,1362,444,1383,490,sign
114,1222,510,1257,555,sign
115,860,635,958,867,pedestrian
115,281,635,599,743,vehicle
115,872,625,1138,725,vehicle
115,944,339,992,416,sign
115,0,650,231,771,vehicle
115,127,638,312,746,vehicle
115,1046,616,1259,717,vehicle
115,1258,612,1524,711,vehicle
115,1682,746,1729,855,11
115,1698,792,1908,1078,vehicle
115,256,506,296,563,sign
115,1366,442,1388,490,sign
115,1225,509,1257,555,sign
116,865,635,988,868,pedestrian
116,945,627,1217,726,vehicle
116,353,635,655,742,vehicle
116,1725,818,1912,1097,vehicle
116,1113,616,1325,714,vehicle
116,943,334,992,413,sign
116,176,638,398,746,vehicle
116,5,646,306,772,vehicle
116,251,508,288,554,sign
116,1696,744,1746,858,11
116,1313,610,1580,711,vehicle
116,1228,508,1257,553,sign
116,878,668,946,747,25
117,882,638,996,866,pedestrian
117,1757,835,1920,1120,vehicle
117,1011,624,1298,728,vehicle
117,403,632,716,742,vehicle
117,0,643,382,777,vehicle
117,1184,615,1387,713,vehicle
117,941,332,993,402,sign
117,1374,609,1638,712,vehicle
117,223,630,423,725,vehicle
117,245,507,283,556,sign
117,1714,746,1766,859,11
117,1227,505,1260,552,sign
117,1372,439,1397,487,sign
117,893,668,951,743,25
118,917,634,1001,860,pedestrian
118,1791,923,1920,1136,vehicle
118,442,636,771,746,vehicle
118,1076,618,1449,727,vehicle
118,25,643,451,774,vehicle
118,0,636,145,721,vehicle
118,286,631,460,716,vehicle
118,1433,609,1696,710,vehicle
118,940,327,992,399,sign
118,1729,745,1788,871,11
118,236,505,277,553,sign
118,1227,503,1262,547,sign
118,492,600,523,644,pedestrian
118,1045,613,1105,653,vehicle
118,837,587,868,610,vehicle
118,1711,651,1769,700,vehicle
118,914,674,961,740,25
119,934,627,1023,875,pedestrian
119,1161,617,1513,732,vehicle
119,477,634,829,748,vehicle
119,92,641,540,778,vehicle
119,1,639,187,739,vehicle
119,1483,613,1761,711,vehicle
119,940,326,991,401,sign
119,321,623,503,692,vehicle
119,230,504,272,547,sign
119,1233,505,1263,548,sign
119,1048,628,1131,662,vehicle
119,1379,432,1401,488,sign
119,927,670,969,749,25
119,1746,754,1806,878,11
120,950,631,1057,893,pedestrian
120,1240,622,1578,734,vehicle
120,156,636,628,779,vehicle
120,590,636,889,750,vehicle
120,11,641,242,739,vehicle
120,942,326,992,400,sign
120,1765,759,1821,889,11
120,1548,616,1829,715,vehicle
120,225,503,265,554,sign
120,1381,430,1404,486,sign
120,1236,503,1266,551,sign
120,1046,625,1118,663,vehicle
120,948,666,1006,749,25
120,415,628,623,700,vehicle
120,1748,636,1904,711,vehicle
121,962,629,1100,885,pedestrian
121,1316,621,1674,734,vehicle
121,233,631,673,778,vehicle
121,612,637,944,753,vehicle
121,81,634,323,734,vehicle
121,1609,618,1884,713,vehicle
121,944,320,990,397,sign
121,0,658,89,713,vehicle
121,222,500,261,551,sign
121,1387,428,1410,489,sign
121,1236,500,1271,546,sign
121,1047,621,1114,661,vehicle
121,968,674,1032,758,25
121,812,616,1082,702,vehicle
122,967,636,1115,894,pedestrian
122,1400,617,1734,734,vehicle
122,302,627,748,776,vehicle
122,665,630,991,752,vehicle
122,147,632,359,732,vehicle
122,6,653,98,713,vehicle
122,943,317,991,393,sign
122,1698,568,1918,713,vehicle
122,216,497,255,541,sign
122,1389,425,1413,481,sign
122,1239,494,1271,546,sign
122,1045,617,1123,661,vehicle
122,1798,763,1859,891,11
122,1742,269,1765,356,sign
123,383,630,830,779,vehicle
123,1482,616,1767,736,vehicle
123,999,634,1130,893,pedestrian
123,186,631,448,733,vehicle
123,742,626,1063,754,vehicle
123,14,655,112,711,vehicle
123,942,316,993,395,sign
123,1,669,59,741,vehicle
123,212,496,251,550,sign
123,1393,424,1417,481,sign
123,199,336,245,428,sign
123,1728,631,1824,725,vehicle
123,1755,265,1780,350,sign
123,1241,497,1276,544,sign
123,1801,618,1919,712,vehicle
124,456,630,904,785,vehicle
124,1031,634,1138,907,pedestrian
124,240,628,492,736,vehicle
124,1568,621,1824,737,vehicle
124,1830,768,1888,908,11
124,0,647,116,751,vehicle
124,941,315,991,392,sign
124,800,627,1116,748,vehicle
124,1763,265,1794,362,sign
124,1394,425,1418,481,sign
124,206,494,248,549,sign
124,1246,497,1275,546,sign
124,1107,678,1153,736,vehicle
124,72,658,131,701,vehicle
124,447,598,475,639,pedestrian
124,453,621,567,682,vehicle
125,532,631,986,789,vehicle
125,299,632,582,740,vehicle
125,1049,642,1150,915,pedestrian
125,1652,627,1875,741,vehicle
125,1128,671,1216,747,vehicle
125,940,318,991,395,sign
125,0,638,164,753,vehicle
125,853,637,1183,750,vehicle
125,1774,262,1807,363,sign
125,1572,129,1616,240,sign
125,1396,428,1417,486,sign
125,200,498,242,547,sign
125,1245,500,1276,545,sign
125,1845,775,1910,921,11
126,608,637,1061,791,vehicle
126,373,638,649,740,vehicle
126,1076,647,1179,918,pedestrian
126,941,317,993,397,sign
126,1149,674,1287,760,vehicle
126,1782,247,1823,361,sign
126,939,651,1279,761,vehicle
126,0,627,226,758,vehicle
126,198,502,241,541,sign
126,1399,430,1422,484,sign
126,1727,633,1901,732,vehicle
126,1245,502,1279,550,sign
127,682,639,1114,793,vehicle
127,1086,640,1232,927,pedestrian
127,441,636,724,744,vehicle
127,975,648,1366,761,vehicle
127,940,319,993,396,sign
127,0,626,279,764,vehicle
127,1794,255,1828,358,sign
127,194,502,237,547,sign
127,467,621,569,666,vehicle
127,1400,427,1427,490,sign
127,1246,501,1280,551,sign
127,1583,126,1625,234,sign
128,489,635,784,744,vehicle
128,1093,664,1235,926,pedestrian
128,1069,648,1433,771,vehicle
128,759,646,1181,789,vehicle
128,941,316,992,394,sign
128,1802,245,1837,350,sign
128,6,625,334,767,vehicle
128,419,616,451,694,pedestrian
128,191,502,230,559,sign
128,467,629,562,679,vehicle
128,1401,427,1427,486,sign
128,1244,499,1281,551,sign
128,1588,125,1630,229,sign
129,561,629,863,748,vehicle
129,1112,642,1502,780,vehicle
129,940,317,991,396,sign
129,838,643,1227,792,vehicle
129,1809,238,1854,352,sign
129,1140,673,1241,930,pedestrian
129,32,621,412,767,vehicle
129,0,620,103,733,vehicle
129,188,502,226,553,sign
129,1593,122,1639,231,sign
129,1405,427,1430,483,sign
129,475,624,571,675,vehicle
129,411,610,439,687,pedestrian
129,1244,497,1284,549,sign
129,852,624,1034,694,vehicle
130,628,621,983,749,vehicle
130,1254,642,1571,772,vehicle
130,916,658,1410,797,vehicle
130,1178,641,1269,932,pedestrian
130,940,315,994,397,sign
130,52,616,466,767,vehicle
130,1818,245,1861,352,sign
130,461,622,567,676,vehicle
130,0,635,68,720,vehicle
130,187,503,226,553,sign
130,1408,426,1434,505,sign
130,1249,497,1287,548,sign
130,601,607,658,650,vehicle
131,698,637,997,747,vehicle
131,0,640,136,733,vehicle
131,1197,644,1304,929,pedestrian
131,985,657,1456,801,vehicle
131,1297,641,1643,767,vehicle
131,940,313,992,393,sign
131,464,619,575,675,vehicle
131,115,623,536,771,vehicle
131,1824,240,1865,344,sign
131,183,502,225,557,sign
131,600,607,657,651,vehicle
131,1408,426,1431,485,sign
131,1249,496,1289,548,sign
132,1210,646,1347,937,pedestrian
132,764,637,1077,752,vehicle
132,2,638,185,729,vehicle
132,1343,638,1715,778,vehicle
132,1042,650,1518,801,vehicle
132,938,314,991,393,sign
132,1830,238,1876,348,sign
132,194,625,603,769,vehicle
132,167,621,297,725,vehicle
132,178,503,220,552,sign
132,1248,497,1290,549,sign
132,1603,109,1649,227,sign
133,1227,658,1382,942,pedestrian
133,4,638,271,732,vehicle
133,1437,644,1785,771,vehicle
133,833,640,1127,748,vehicle
133,1107,655,1604,806,vehicle
133,940,314,989,392,sign
133,273,624,652,768,vehicle
133,1836,233,1889,352,sign
133,229,619,415,719,vehicle
133,1251,498,1286,549,sign
133,176,501,216,549,sign
133,1411,426,1432,482,sign
134,1257,661,1398,951,pedestrian
134,5,636,294,731,vehicle
134,912,637,1203,752,vehicle
134,1503,646,1865,780,vehicle
134,1197,649,1644,803,vehicle
134,939,314,993,392,sign
134,318,620,724,767,vehicle
134,1842,226,1894,352,sign
134,1251,496,1289,548,sign
134,174,499,217,553,sign
134,1414,424,1436,484,sign
134,301,622,424,711,vehicle
134,1610,110,1656,221,sign
134,1841,658,1898,710,vehicle
134,839,594,874,615,vehicle
135,25,637,310,730,vehicle
135,980,644,1263,749,vehicle
135,1282,659,1418,946,pedestrian
135,942,310,994,393,sign
135,407,618,793,770,vehicle
135,1371,658,1858,812,vehicle
135,1850,230,1903,343,sign
135,1249,635,1468,771,vehicle
135,1252,498,1286,549,sign
135,172,498,215,555,sign
135,400,619,493,712,vehicle
135,1414,423,1438,485,sign
136,51,637,322,729,vehicle
136,1052,640,1329,752,vehicle
136,489,622,859,770,vehicle
136,1340,659,1809,816,vehicle
136,1319,649,1432,952,pedestrian
136,941,307,994,394,sign
136,1853,226,1903,347,sign
136,1048,624,1130,673,vehicle
136,449,622,551,704,vehicle
136,378,614,413,700,pedestrian
136,1635,653,1909,754,vehicle
136,169,500,214,544,sign
136,1616,103,1665,215,sign
136,1253,499,1288,551,sign
136,1414,424,1438,488,sign
136,1332,637,1535,698,vehicle
137,63,637,346,731,vehicle
137,1406,652,1877,818,vehicle
137,1337,656,1447,954,pedestrian
137,1130,640,1424,756,vehicle
137,557,620,932,774,vehicle
137,940,311,992,393,sign
137,448,628,548,683,vehicle
137,1858,229,1904,336,sign
137,375,618,409,700,pedestrian
137,1702,654,1884,747,vehicle
137,1415,422,1442,487,sign
137,1252,498,1291,553,sign
137,168,501,213,550,sign
137,1052,629,1120,672,vehicle
137,1619,105,1666,217,sign
138,1362,669,1493,954,pedestrian
138,86,638,368,731,vehicle
138,620,615,999,773,vehicle
138,1459,651,1902,823,vehicle
138,1197,642,1477,752,vehicle
138,943,306,994,393,sign
138,1054,624,1143,674,vehicle
138,1770,653,1917,819,vehicle
138,167,500,213,555,sign
138,1252,499,1290,552,sign
138,1417,422,1443,488,sign
139,106,638,384,731,vehicle
139,1375,670,1519,954,pedestrian
139,1505,643,1917,819,vehicle
139,703,616,1065,774,vehicle
139,1267,643,1552,752,vehicle
139,1,832,102,1091,pedestrian
139,941,308,995,392,sign
139,450,621,567,682,vehicle
139,1252,498,1291,553,sign
139,1418,424,1445,489,sign
139,1060,630,1133,674,vehicle
139,366,631,459,692,vehicle
139,1866,226,1909,340,sign
139,167,504,210,547,sign
139,595,609,654,653,vehicle
140,1398,691,1531,957,pedestrian
140,1561,649,1917,821,vehicle
140,139,640,401,727,vehicle
140,3,755,102,1101,pedestrian
140,942,311,992,392,sign
140,1336,646,1629,742,vehicle
140,772,609,1133,773,vehicle
140,449,622,563,685,vehicle
140,1255,502,1291,553,sign
140,164,501,208,557,sign
140,1871,226,1907,336,sign
140,597,613,650,654,vehicle
140,1419,423,1445,486,sign
140,388,631,459,689,vehicle
140,1421,707,1487,802,25
141,1430,682,1550,959,pedestrian
141,1618,662,1920,821,vehicle
141,161,638,421,728,vehicle
141,3,701,99,1102,pedestrian
141,842,620,1203,775,vehicle
141,942,311,993,393,sign
141,447,623,561,684,vehicle
141,1627,96,1675,213,sign
141,1872,226,1914,345,sign
141,1420,424,1445,487,sign
141,1256,501,1294,559,sign
141,1417,640,1692,749,vehicle
141,163,504,207,555,sign
141,813,596,850,619,vehicle
142,1466,659,1576,957,pedestrian
142,1681,656,1917,828,vehicle
142,0,681,111,1104,pedestrian
142,188,639,440,725,vehicle
142,943,307,994,393,sign
142,1527,642,1764,758,vehicle
142,918,620,1272,774,vehicle
142,447,625,561,681,vehicle
142,1260,504,1291,552,sign
142,1876,235,1916,340,sign
142,1421,423,1445,483,sign
142,163,500,207,560,sign
142,174,661,227,717,vehicle
142,596,610,651,654,vehicle
143,1486,642,1623,957,pedestrian
143,7,680,127,1109,pedestrian
143,194,638,455,725,vehicle
143,1730,661,1920,832,vehicle
143,1575,638,1826,756,vehicle
143,980,627,1344,774,vehicle
143,448,625,566,681,vehicle
143,940,310,993,393,sign
143,596,611,653,655,vehicle
143,1259,503,1292,553,sign
143,1876,231,1918,336,sign
143,160,501,205,563,sign
143,1422,425,1446,483,sign
144,1501,657,1645,954,pedestrian
144,217,639,470,725,vehicle
144,17,687,161,1113,pedestrian
144,1783,674,1911,800,vehicle
144,943,308,995,393,sign
144,1050,622,1413,775,vehicle
144,442,625,561,679,vehicle
144,1635,647,1839,753,vehicle
144,32,687,168,782,vehicle
144,594,614,651,655,vehicle
144,161,501,202,558,sign
144,1259,502,1291,555,sign
144,1422,424,1445,482,sign
144,1633,91,1681,207,sign
145,1508,660,1652,950,pedestrian
145,20,659,233,1113,pedestrian
145,266,637,485,721,vehicle
145,940,305,993,392,sign
145,1833,694,1919,790,vehicle
145,1713,651,1915,761,vehicle
145,1110,622,1490,775,vehicle
145,448,628,553,676,vehicle
145,1881,229,1917,334,sign
145,15,672,246,786,vehicle
145,1056,636,1110,670,vehicle
145,237,661,302,726,vehicle
145,1254,502,1292,557,sign
145,162,504,201,559,sign
145,1423,424,1445,481,sign
145,145,687,247,762,vehicle
145,932,591,967,613,vehicle
145,1539,709,1596,802,25
146,1534,659,1670,952,pedestrian
146,37,679,233,1098,pedestrian
146,0,636,333,818,vehicle
146,282,639,501,715,vehicle
146,942,308,992,392,sign
146,1779,644,1920,757,vehicle
146,1183,620,1559,774,vehicle
146,1060,632,1130,673,vehicle
146,1631,89,1682,210,sign
146,471,626,568,674,vehicle
146,1259,502,1291,550,sign
146,161,502,201,559,sign
146,1882,228,1917,333,sign
146,1885,693,1920,781,vehicle
146,1423,423,1447,478,sign
146,595,608,653,655,vehicle
146,932,592,965,613,vehicle
146,836,597,867,619,vehicle
147,1578,647,1681,949,pedestrian
147,2,642,423,821,vehicle
147,289,637,512,711,vehicle
147,941,311,994,389,sign
147,70,689,231,1097,pedestrian
147,1838,664,1916,747,vehicle
147,482,626,563,676,vehicle
147,1062,634,1111,666,vehicle
147,1247,621,1628,775,vehicle
147,1259,502,1293,552,sign
147,161,501,201,560,sign
147,1424,423,1446,482,sign
147,595,610,651,654,vehicle
147,1632,93,1679,207,sign
147,1885,226,1915,334,sign
147,925,593,960,613,vehicle
147,838,598,866,617,vehicle
148,1579,663,1702,943,pedestrian
148,32,665,250,1103,pedestrian
148,22,638,497,820,vehicle
148,347,637,528,708,vehicle
148,941,306,993,392,sign
148,1324,622,1695,771,vehicle
148,1060,632,1125,672,vehicle
148,1256,501,1293,553,sign
148,157,501,200,561,sign
148,1423,423,1447,481,sign
148,1635,92,1679,209,sign
148,483,628,561,675,vehicle
148,839,597,868,618,vehicle
148,938,588,965,610,vehicle
149,1608,665,1725,944,pedestrian
149,101,635,578,817,vehicle
149,148,666,271,1098,pedestrian
149,1386,622,1762,768,vehicle
149,941,310,994,390,sign
149,2,665,99,734,vehicle
149,1058,631,1125,673,vehicle
149,381,637,536,700,vehicle
149,160,501,201,556,sign
149,1634,91,1681,209,sign
149,1256,499,1296,554,sign
149,1423,423,1448,475,sign
149,1882,224,1915,335,sign
149,1364,630,1476,726,vehicle
150,1621,667,1743,943,pedestrian
150,166,677,336,1099,pedestrian
150,940,310,993,392,sign
150,195,637,656,812,vehicle
150,2,663,146,731,vehicle
150,1435,624,1825,773,vehicle
150,1884,227,1918,334,sign
150,1257,502,1294,552,sign
150,1067,638,1126,673,vehicle
150,1423,424,1447,480,sign
150,158,503,202,560,sign
150,1634,92,1681,210,sign
150,936,591,967,613,vehicle
150,1422,633,1514,725,vehicle
151,179,688,374,1100,pedestrian
151,236,634,732,820,vehicle
151,1653,663,1748,935,pedestrian
151,0,652,165,733,vehicle
151,941,311,992,394,sign
151,1051,628,1127,676,vehicle
151,1258,505,1293,555,sign
151,160,505,202,558,sign
151,1424,428,1446,484,sign
151,1881,235,1918,339,sign
151,1634,98,1681,213,sign
151,1505,626,1817,781,vehicle
151,589,612,652,656,vehicle
151,1848,659,1916,734,vehicle
151,890,598,930,622,vehicle
151,930,588,975,618,vehicle
151,836,599,876,621,vehicle
152,201,683,375,1099,pedestrian
152,312,640,798,824,vehicle
152,0,651,191,736,vehicle
152,941,314,993,397,sign
152,1673,665,1762,937,pedestrian
152,1630,99,1681,215,sign
152,1255,508,1293,557,sign
152,1060,637,1128,679,vehicle
152,160,505,202,567,sign
152,1559,629,1879,776,vehicle
152,1542,632,1620,738,vehicle
152,1423,428,1448,493,sign
152,871,593,926,625,vehicle
152,1542,618,1916,781,8
152,928,591,977,619,vehicle
152,838,603,868,624,vehicle
153,1683,655,1789,928,pedestrian
153,229,684,385,1094,pedestrian
153,398,637,881,824,vehicle
153,0,650,220,736,vehicle
153,941,317,994,396,sign
153,1612,628,1920,763,vehicle
153,1630,95,1681,213,sign
153,161,508,201,559,sign
153,1255,506,1293,554,sign
153,1049,633,1130,676,vehicle
153,872,590,926,624,vehicle
153,1423,429,1447,488,sign
153,270,747,371,925,25
153,1883,234,1917,343,sign
153,930,591,977,619,vehicle
154,1699,676,1827,933,pedestrian
154,215,665,416,1086,pedestrian
154,470,633,952,815,vehicle
154,0,647,245,738,vehicle
154,1674,631,1920,767,vehicle
154,941,312,994,394,sign
154,414,636,502,711,vehicle
154,1055,634,1130,678,vehicle
154,1255,505,1294,555,sign
154,160,501,202,562,sign
154,1423,426,1448,489,sign
154,1634,98,1679,207,sign
154,1883,232,1917,342,sign
154,869,597,918,623,vehicle
155,212,640,440,1098,pedestrian
155,1711,656,1842,931,pedestrian
155,536,630,1028,818,vehicle
155,3,645,273,738,vehicle
155,942,313,994,392,sign
155,424,632,570,713,vehicle
155,1052,633,1128,678,vehicle
155,1634,97,1680,212,sign
155,1423,428,1446,483,sign
155,160,503,201,561,sign
155,1257,504,1291,552,sign
155,1883,231,1918,339,sign
155,1746,638,1915,775,vehicle
156,315,679,509,1097,pedestrian
156,1721,665,1848,936,pedestrian
156,7,644,296,737,vehicle
156,612,630,1096,816,vehicle
156,437,631,578,710,vehicle
156,942,312,992,396,sign
156,1811,635,1920,780,vehicle
156,1632,95,1684,217,sign
156,1423,428,1446,485,sign
156,1259,505,1292,553,sign
156,1051,635,1125,677,vehicle
156,161,505,200,560,sign
156,862,601,905,622,vehicle
156,592,620,647,659,vehicle
157,332,656,521,1107,pedestrian
157,1743,658,1857,932,pedestrian
157,28,646,325,737,vehicle
157,690,632,1158,819,vehicle
157,448,627,581,707,vehicle
157,941,312,991,394,sign
157,1423,428,1449,490,sign
157,159,504,204,562,sign
157,1047,631,1126,677,vehicle
157,1263,507,1292,556,sign
157,1853,628,1919,755,vehicle
157,495,903,761,1168,14
157,1636,94,1681,212,sign
157,1884,236,1918,341,sign
157,594,619,651,656,vehicle
158,367,669,524,1093,pedestrian
158,764,632,1228,817,vehicle
158,1774,659,1874,920,pedestrian
158,59,645,346,736,vehicle
158,451,625,586,703,vehicle
158,943,313,992,393,sign
158,1423,429,1447,486,sign
158,162,508,200,559,sign
158,1262,506,1291,557,sign
158,488,906,761,1174,14
158,1883,234,1918,337,sign
158,330,622,358,696,pedestrian
159,377,661,541,1086,pedestrian
159,825,634,1292,815,vehicle
159,1785,649,1889,929,pedestrian
159,85,645,376,735,vehicle
159,6,680,70,749,vehicle
159,940,312,993,393,sign
159,449,622,595,702,vehicle
159,1423,426,1448,487,sign
159,160,505,200,562,sign
159,1258,504,1291,556,sign
159,597,614,652,657,vehicle
159,483,909,768,1169,14
159,1882,233,1917,342,sign
160,384,665,561,1087,pedestrian
160,1797,635,1904,921,pedestrian
160,133,649,398,733,vehicle
160,897,633,1358,822,vehicle
160,4,704,85,778,vehicle
160,941,313,994,395,sign
160,446,628,593,697,vehicle
160,161,505,201,562,sign
160,1260,507,1292,552,sign
160,1423,426,1449,489,sign
160,34,676,138,744,vehicle
160,596,620,649,657,vehicle
160,499,915,764,1175,14
160,1628,94,1681,219,sign
160,838,602,865,620,vehicle
161,446,668,623,1087,pedestrian
161,1812,643,1911,929,pedestrian
161,947,637,1420,822,vehicle
161,186,650,428,729,vehicle
161,0,646,145,781,vehicle
161,943,312,992,393,sign
161,162,507,200,560,sign
161,1258,505,1292,555,sign
161,1631,95,1680,210,sign
161,1884,233,1917,338,sign
161,1423,428,1449,487,sign
161,456,625,596,694,vehicle
161,147,664,232,735,vehicle
161,599,612,649,653,vehicle
161,837,601,865,619,vehicle
161,2,630,124,680,vehicle
162,468,673,654,1089,pedestrian
162,1823,653,1911,920,pedestrian
162,0,661,210,782,vehicle
162,1001,634,1477,825,vehicle
162,234,644,447,725,vehicle
162,939,314,994,395,sign
162,483,627,602,693,vehicle
162,68,633,285,740,vehicle
162,161,506,202,565,sign
162,1422,426,1448,488,sign
162,1883,231,1916,349,sign
162,447,644,508,686,vehicle
162,1257,504,1291,555,sign
162,600,615,649,655,vehicle
162,839,603,866,624,vehicle
163,466,669,660,1082,pedestrian
163,0,655,269,786,vehicle
163,1062,636,1533,822,vehicle
163,1844,646,1920,912,pedestrian
163,943,313,994,394,sign
163,288,647,474,720,vehicle
163,110,630,353,738,vehicle
163,1,860,51,1123,pedestrian
163,455,633,592,695,vehicle
163,162,509,200,558,sign
163,1257,505,1293,557,sign
163,1423,427,1446,484,sign
163,1630,97,1680,214,sign
163,1811,644,1844,719,pedestrian
163,600,617,650,657,vehicle
164,536,669,669,1082,pedestrian
164,1121,635,1594,822,vehicle
164,0,654,329,792,vehicle
164,0,862,77,1108,pedestrian
164,1856,641,1920,912,pedestrian
164,154,631,399,745,vehicle
164,943,314,994,397,sign
164,342,642,488,737,vehicle
164,1052,635,1113,675,vehicle
164,1423,427,1446,485,sign
164,161,507,201,560,sign
164,452,633,580,695,vehicle
164,1259,506,1291,553,sign
164,604,619,647,656,vehicle
164,517,665,587,1020,pedestrian
164,1634,96,1684,211,sign
164,929,599,971,619,vehicle
165,0,854,135,1122,pedestrian
165,583,673,689,1070,pedestrian
165,531,658,625,1059,pedestrian
165,1170,633,1648,829,vehicle
165,38,656,399,791,vehicle
165,942,312,993,393,sign
165,1,715,129,818,vehicle
165,227,630,532,750,vehicle
165,1056,635,1128,677,vehicle
165,1632,97,1681,214,sign
165,161,508,200,563,sign
165,494,633,600,693,vehicle
165,1261,506,1292,555,sign
165,1423,427,1446,487,sign
165,1885,235,1918,340,sign
165,444,646,540,720,vehicle
165,605,616,650,657,vehicle
166,593,668,734,1073,pedestrian
166,1226,639,1695,826,vehicle
166,942,312,993,394,sign
166,93,652,474,788,vehicle
166,53,856,143,1114,pedestrian
166,19,710,198,826,vehicle
166,307,629,593,747,vehicle
166,1633,95,1682,211,sign
166,161,506,201,560,sign
166,1797,637,1835,721,pedestrian
166,1058,633,1126,674,vehicle
166,1259,504,1294,554,sign
166,1869,639,1919,913,pedestrian
166,537,673,642,1055,pedestrian
166,1423,428,1446,486,sign
166,521,635,612,694,vehicle
166,1882,228,1915,337,sign
166,837,601,867,621,vehicle
167,605,677,783,1071,pedestrian
167,1,677,266,824,vehicle
167,1257,636,1752,828,vehicle
167,91,847,177,1105,pedestrian
167,151,654,521,792,vehicle
167,378,628,640,749,vehicle
167,941,315,993,394,sign
167,1423,427,1448,489,sign
167,1876,627,1920,911,pedestrian
167,1060,639,1122,675,vehicle
167,161,506,201,564,sign
167,554,680,662,1054,pedestrian
167,1786,635,1829,720,pedestrian
167,1256,504,1293,555,sign
167,1633,96,1679,210,sign
167,1883,229,1917,338,sign
168,591,667,786,1070,pedestrian
168,100,849,235,1101,pedestrian
168,1315,636,1815,831,vehicle
168,3,677,346,823,vehicle
168,211,647,585,789,vehicle
168,942,314,991,393,sign
168,449,630,714,755,vehicle
168,1061,636,1126,677,vehicle
168,1423,427,1447,485,sign
168,161,505,203,566,sign
168,1254,505,1292,557,sign
168,1637,97,1684,210,sign
168,700,667,780,722,vehicle
168,1884,225,1915,344,sign
168,934,593,984,624,vehicle
169,665,676,797,1064,pedestrian
169,111,854,256,1104,pedestrian
169,1367,637,1864,831,vehicle
169,0,667,421,827,vehicle
169,279,645,649,791,vehicle
169,941,309,994,393,sign
169,542,633,864,741,vehicle
169,160,504,203,564,sign
169,637,674,714,998,pedestrian
169,1423,428,1447,488,sign
169,1061,636,1126,676,vehicle
169,1861,664,1918,728,vehicle
169,1257,505,1294,557,sign
169,1633,98,1681,210,sign
170,1416,639,1908,835,vehicle
170,694,680,815,1062,pedestrian
170,13,665,484,825,vehicle
170,192,844,271,1093,pedestrian
170,628,621,941,746,vehicle
170,340,641,690,789,vehicle
170,940,313,995,394,sign
170,656,661,743,1055,pedestrian
170,1061,636,1129,678,vehicle
170,1634,99,1679,213,sign
170,1257,507,1293,555,sign
170,161,507,201,560,sign
170,1423,428,1447,484,sign
170,564,631,648,678,vehicle
170,1784,664,1917,759,vehicle
170,917,590,971,619,vehicle
171,722,680,843,1064,pedestrian
171,216,837,302,1094,pedestrian
171,1489,648,1917,840,vehicle
171,73,666,555,824,vehicle
171,698,624,1033,748,vehicle
171,414,645,731,786,vehicle
171,941,315,995,394,sign
171,679,689,764,1053,pedestrian
171,1455,644,1616,804,vehicle
171,161,507,201,558,sign
171,1054,636,1131,678,vehicle
171,1629,95,1683,214,sign
171,1259,504,1295,554,sign
171,1423,429,1446,488,sign
171,1884,233,1918,339,sign
172,734,682,910,1063,pedestrian
172,219,842,359,1091,pedestrian
172,146,666,634,824,vehicle
172,1507,646,1915,839,vehicle
172,787,621,1106,752,vehicle
172,942,312,995,393,sign
172,3,707,102,1116,pedestrian
172,690,664,803,1051,pedestrian
172,478,645,750,779,vehicle
172,444,630,582,697,vehicle
172,160,504,201,564,sign
172,1259,506,1291,556,sign
172,1423,428,1446,486,sign
172,1884,233,1917,342,sign
172,1631,98,1680,214,sign
173,244,844,374,1090,pedestrian
173,213,667,701,827,vehicle
173,1541,643,1920,831,vehicle
173,757,683,919,1064,pedestrian
173,683,671,822,1057,pedestrian
173,941,311,997,394,sign
173,3,668,113,1116,pedestrian
173,865,642,1208,750,vehicle
173,523,644,851,767,vehicle
173,160,505,202,565,sign
173,1634,96,1685,213,sign
173,452,631,614,691,vehicle
173,1256,506,1294,556,sign
173,1422,427,1446,486,sign
173,1882,229,1915,338,sign
173,794,733,881,893,25
174,276,668,762,826,vehicle
174,306,834,384,1087,pedestrian
174,1599,642,1917,827,vehicle
174,689,667,847,1056,pedestrian
174,950,627,1285,748,vehicle
174,32,687,151,1109,pedestrian
174,807,688,923,1056,pedestrian
174,940,313,991,393,sign
174,584,651,986,774,vehicle
174,157,503,203,564,sign
174,468,632,648,686,vehicle
174,1423,428,1445,482,sign
174,1633,93,1684,216,sign
174,1257,504,1297,603,sign
174,1883,230,1918,339,sign
174,443,628,512,668,vehicle
174,0,685,68,738,vehicle
175,42,689,237,1114,pedestrian
175,331,833,457,1081,pedestrian
175,737,661,874,1049,pedestrian
175,338,669,781,823,vehicle
175,1043,633,1362,750,vehicle
175,941,312,993,394,sign
175,655,647,1049,774,vehicle
175,842,690,941,1049,pedestrian
175,1642,644,1915,829,vehicle
175,1630,97,1681,214,sign
175,4,681,98,737,vehicle
175,159,503,201,565,sign
175,1423,427,1446,485,sign
175,1262,506,1292,553,sign
175,523,629,635,681,vehicle
175,447,634,521,676,vehicle
175,1882,232,1918,339,sign
175,587,620,664,685,vehicle
176,337,843,477,1082,pedestrian
176,47,695,261,1111,pedestrian
176,863,679,969,1060,pedestrian
176,771,656,885,1037,pedestrian
176,1687,645,1911,836,vehicle
176,393,662,797,821,vehicle
176,1137,621,1446,751,vehicle
176,730,655,1104,780,vehicle
176,942,314,992,394,sign
176,0,671,127,735,vehicle
176,1423,428,1447,488,sign
176,159,504,201,564,sign
176,1636,96,1679,212,sign
176,1048,636,1132,682,vehicle
176,1262,508,1291,553,sign
176,1884,234,1916,336,sign
176,542,634,613,670,vehicle
176,452,637,528,684,vehicle
176,868,597,930,620,vehicle
177,873,699,1034,1056,pedestrian
177,368,842,487,1080,pedestrian
177,791,648,895,1023,pedestrian
177,111,692,262,1107,pedestrian
177,1216,625,1538,750,vehicle
177,4,664,143,736,vehicle
177,782,649,1166,776,vehicle
177,941,312,994,392,sign
177,459,664,815,817,vehicle
177,1729,646,1917,839,vehicle
177,1631,97,1680,221,sign
177,159,504,202,566,sign
177,541,625,675,679,vehicle
177,448,631,556,685,vehicle
177,1423,426,1445,485,sign
177,1883,232,1917,339,sign
177,1253,502,1295,563,sign
177,1059,635,1130,677,vehicle
178,798,641,926,1048,pedestrian
178,158,687,268,1092,pedestrian
178,1771,648,1918,834,vehicle
178,413,828,494,1075,pedestrian
178,1292,623,1627,748,vehicle
178,834,650,1233,777,vehicle
178,0,655,178,733,vehicle
178,940,309,994,396,sign
178,884,685,1032,1058,pedestrian
178,566,621,674,693,vehicle
178,520,664,846,817,vehicle
178,1633,96,1684,215,sign
178,442,627,561,688,vehicle
178,158,502,204,566,sign
178,1257,506,1293,557,sign
178,1423,427,1446,482,sign
178,1714,626,1747,722,pedestrian
179,922,690,1044,1053,pedestrian
179,434,831,540,1076,pedestrian
179,802,666,977,1039,pedestrian
179,951,651,1292,782,vehicle
179,1379,626,1703,751,vehicle
179,2,656,198,736,vehicle
179,583,619,715,703,vehicle
179,1813,646,1919,800,vehicle
179,940,313,993,395,sign
179,190,675,313,1091,pedestrian
179,582,668,894,817,vehicle
179,443,629,563,689,vehicle
179,160,507,201,561,sign
179,1706,624,1745,727,pedestrian
179,1257,504,1293,558,sign
179,1423,428,1446,486,sign
179,1635,97,1681,212,sign
179,1884,231,1917,339,sign
179,497,917,754,1173,14
180,439,836,570,1080,pedestrian
180,198,685,394,1094,pedestrian
180,800,665,979,1031,pedestrian
180,593,624,712,692,vehicle
180,1009,649,1364,784,vehicle
180,1467,624,1766,751,vehicle
180,0,651,231,738,vehicle
180,942,312,993,393,sign
180,1860,651,1920,792,vehicle
180,954,687,1069,1040,pedestrian
180,633,669,949,815,vehicle
180,447,630,560,687,vehicle
180,160,503,202,564,sign
180,1423,427,1446,486,sign
180,1632,96,1682,212,sign
180,1883,230,1916,343,sign
180,1260,506,1293,561,sign
180,498,915,758,1179,14
180,960,739,1060,888,25
180,1760,674,1866,733,vehicle
180,318,616,346,695,pedestrian
181,202,696,407,1090,pedestrian
181,825,660,995,1036,pedestrian
181,456,835,575,1082,pedestrian
181,967,693,1084,1059,pedestrian
181,603,622,721,689,vehicle
181,1057,649,1434,788,vehicle
181,2,649,251,738,vehicle
181,940,314,995,397,sign
181,441,627,561,688,vehicle
181,697,657,1095,813,vehicle
181,1552,629,1876,752,vehicle
181,160,504,203,565,sign
181,1422,427,1448,490,sign
181,1257,503,1292,562,sign
181,1628,90,1679,212,sign
181,1042,691,1153,812,vehicle
182,226,687,406,1093,pedestrian
182,985,696,1117,1050,pedestrian
182,900,664,1022,1031,pedestrian
182,1128,654,1494,788,vehicle
182,510,826,597,1062,pedestrian
182,616,623,723,688,vehicle
182,14,652,269,737,vehicle
182,942,313,992,394,sign
182,1636,630,1889,750,vehicle
182,445,627,566,687,vehicle
182,750,661,1107,815,vehicle
182,160,506,202,562,sign
182,1257,503,1294,556,sign
182,1058,690,1226,810,vehicle
182,1,684,67,1121,pedestrian
182,1423,428,1448,490,sign
182,1635,97,1678,209,sign
182,1885,237,1919,347,sign
182,870,860,935,946,27
182,8,743,74,908,27
183,307,692,417,1085,pedestrian
183,1006,684,1146,1053,pedestrian
183,533,826,631,1065,pedestrian
183,912,657,1018,1028,pedestrian
183,1196,649,1562,784,vehicle
183,31,654,292,734,vehicle
183,630,624,731,688,vehicle
183,943,312,994,395,sign
183,3,683,108,1070,pedestrian
183,1717,626,1920,747,vehicle
183,447,629,565,686,vehicle
183,789,663,1276,806,vehicle
183,1679,621,1724,721,pedestrian
183,160,504,202,566,sign
183,1257,504,1293,556,sign
183,1423,427,1447,486,sign
183,279,985,360,1060,37
183,595,626,642,656,vehicle
183,43,778,108,889,27
184,340,689,441,1088,pedestrian
184,541,832,664,1067,pedestrian
184,923,659,1042,1028,pedestrian
184,1015,684,1148,1049,pedestrian
184,1257,650,1623,785,vehicle
184,6,706,136,1080,pedestrian
184,943,312,993,394,sign
184,635,624,736,687,vehicle
184,1674,619,1729,725,pedestrian
184,1801,629,1919,744,vehicle
184,61,654,312,732,vehicle
184,444,628,559,687,vehicle
184,1072,673,1311,814,vehicle
184,160,504,201,563,sign
184,1423,427,1446,486,sign
184,861,674,1016,799,vehicle
184,40,692,172,784,vehicle
184,1257,505,1293,561,sign
184,1631,100,1679,211,sign
184,1883,234,1917,338,sign
184,594,630,637,656,vehicle
185,350,668,498,1089,pedestrian
185,1028,681,1160,1043,pedestrian
185,15,712,183,1083,pedestrian
185,546,837,672,1069,pedestrian
185,921,658,1069,1035,pedestrian
185,1330,649,1696,786,vehicle
185,941,312,994,395,sign
185,968,677,1368,817,vehicle
185,99,652,335,729,vehicle
185,647,627,743,683,vehicle
185,448,629,560,685,vehicle
185,161,506,200,561,sign
185,1423,427,1448,486,sign
185,96,681,236,791,vehicle
185,1675,624,1710,707,pedestrian
185,1255,502,1294,560,sign
185,593,626,650,656,vehicle
185,903,682,1007,798,vehicle
185,1633,97,1680,204,sign
185,1883,237,1916,347,sign
186,350,690,525,1089,pedestrian
186,21,734,213,1083,pedestrian
186,1058,679,1175,1039,pedestrian
186,928,668,1084,1025,pedestrian
186,1395,651,1757,788,vehicle
186,603,830,686,1062,pedestrian
186,943,312,993,394,sign
186,995,668,1432,827,vehicle
186,6,644,320,796,vehicle
186,648,623,741,681,vehicle
186,448,626,563,684,vehicle
186,162,509,200,560,sign
186,1667,630,1703,695,pedestrian
186,1423,428,1447,486,sign
186,126,652,349,730,vehicle
186,592,620,650,658,vehicle
186,1259,505,1294,558,sign
186,1881,229,1916,339,sign
186,1634,84,1680,214,sign
186,1860,658,1919,728,vehicle
187,366,687,537,1087,pedestrian
187,41,719,231,1089,pedestrian
187,632,822,718,1060,pedestrian
187,1447,646,1820,790,vehicle
187,936,669,1116,1037,pedestrian
187,1083,671,1195,1038,pedestrian
187,13,640,375,803,vehicle
187,941,313,992,392,sign
187,1051,662,1493,825,vehicle
187,661,625,756,677,vehicle
187,441,626,565,684,vehicle
187,161,508,201,559,sign
187,596,621,647,656,vehicle
187,1258,503,1296,557,sign
187,1423,427,1446,485,sign
187,1665,632,1703,678,pedestrian
187,1630,100,1680,217,sign
187,1879,232,1915,344,sign
187,162,794,221,899,27
188,425,683,547,1085,pedestrian
188,640,826,756,1063,pedestrian
188,1505,647,1882,789,vehicle
188,1096,679,1229,1036,pedestrian
188,999,667,1113,1032,pedestrian
188,1066,666,1540,825,vehicle
188,3,632,459,816,vehicle
188,672,627,758,678,vehicle
188,113,718,245,1077,pedestrian
188,940,309,993,394,sign
188,1857,658,1919,737,vehicle
188,1423,427,1446,484,sign
188,160,508,203,558,sign
188,453,630,560,683,vehicle
188,984,853,1061,940,27
188,590,616,653,659,vehicle
188,1257,504,1293,558,sign
188,1631,97,1682,215,sign
188,196,774,252,894,27
188,1883,231,1917,347,sign
189,646,840,776,1063,pedestrian
189,1024,664,1133,1020,pedestrian
189,1580,646,1920,789,vehicle
189,478,680,580,1086,pedestrian
189,1156,667,1593,823,vehicle
189,1108,692,1239,1039,pedestrian
189,154,708,275,1075,pedestrian
189,678,621,760,676,vehicle
189,0,628,497,815,vehicle
189,942,312,993,394,sign
189,444,627,566,682,vehicle
189,593,619,652,660,vehicle
189,160,505,202,562,sign
189,1255,505,1294,556,sign
189,1632,95,1681,208,sign
189,1882,235,1917,342,sign
189,872,601,932,626,vehicle
189,1423,429,1446,485,sign
189,222,768,279,888,27
189,648,618,701,658,vehicle
189,1010,861,1057,944,27
190,1036,656,1150,1022,pedestrian
190,1637,648,1918,788,vehicle
190,1122,695,1248,1039,pedestrian
190,479,677,634,1080,pedestrian
190,1196,669,1649,827,vehicle
190,173,705,317,1072,pedestrian
190,685,624,767,674,vehicle
190,80,629,546,810,vehicle
190,680,830,778,1060,pedestrian
190,941,313,990,397,sign
190,161,507,202,560,sign
190,1630,98,1674,209,sign
190,592,619,650,661,vehicle
190,490,629,569,676,vehicle
190,1255,505,1297,560,sign
190,654,622,706,658,vehicle
190,1423,429,1445,484,sign
190,246,766,307,888,27
190,1645,633,1678,685,pedestrian
190,447,634,530,680,vehicle
191,1147,687,1263,1023,pedestrian
191,1041,649,1187,1020,pedestrian
191,1228,668,1696,827,vehicle
191,718,825,797,1055,pedestrian
191,487,694,666,1082,pedestrian
191,1699,650,1920,785,vehicle
191,168,717,353,1081,pedestrian
191,689,618,767,673,vehicle
191,941,313,991,394,sign
191,162,629,646,944,vehicle
191,592,622,651,661,vehicle
191,161,507,202,561,sign
191,1257,506,1292,558,sign
191,1639,634,1677,712,pedestrian
191,655,617,718,660,vehicle
191,489,629,568,677,vehicle
191,1423,428,1445,483,sign
191,1885,237,1917,339,sign
191,266,745,333,893,27
192,1037,660,1204,1018,pedestrian
192,1167,682,1277,1018,pedestrian
192,735,820,833,1055,pedestrian
192,495,687,680,1071,pedestrian
192,181,688,375,1074,pedestrian
192,1274,669,1753,830,vehicle
192,1767,650,1920,787,vehicle
192,234,629,712,825,vehicle
192,688,619,774,672,vehicle
192,940,313,994,391,sign
192,1423,427,1448,488,sign
192,159,502,203,564,sign
192,1630,98,1679,214,sign
192,1257,505,1292,558,sign
192,1055,637,1104,672,vehicle
192,590,621,647,659,vehicle
192,661,619,717,654,vehicle
192,308,809,362,891,27
192,1633,634,1671,703,pedestrian
192,609,680,729,783,vehicle
192,1886,242,1919,341,sign
193,1059,658,1201,1015,pedestrian
193,1183,684,1291,1024,pedestrian
193,742,829,864,1053,pedestrian
193,550,686,698,1075,pedestrian
193,1327,669,1791,831,vehicle
193,257,694,391,1063,pedestrian
193,268,631,794,813,vehicle
193,943,313,992,394,sign
193,1628,630,1662,706,pedestrian
193,1829,680,1917,771,vehicle
193,161,505,202,562,sign
193,678,615,771,668,vehicle
193,1054,636,1121,676,vehicle
193,1257,503,1292,560,sign
193,1423,429,1446,488,sign
193,1633,99,1676,205,sign
193,1884,236,1915,341,sign
194,1081,662,1216,1013,pedestrian
194,1187,686,1306,1022,pedestrian
194,1367,667,1843,830,vehicle
194,294,695,420,1057,pedestrian
194,750,832,874,1053,pedestrian
194,616,691,709,1066,pedestrian
194,321,631,863,804,vehicle
194,941,313,993,393,sign
194,158,502,202,566,sign
194,1634,93,1684,215,sign
194,1257,505,1292,558,sign
194,1621,630,1659,692,pedestrian
194,676,619,780,667,vehicle
194,1423,430,1446,486,sign
194,1867,661,1917,750,vehicle
194,1056,638,1111,673,vehicle
194,275,641,406,719,vehicle
194,669,622,723,652,vehicle
195,1211,679,1320,1015,pedestrian
195,1118,657,1247,1015,pedestrian
195,1410,670,1885,831,vehicle
195,313,705,449,1057,pedestrian
195,439,628,928,805,vehicle
195,798,830,877,1053,pedestrian
195,942,312,994,396,sign
195,636,683,738,1077,pedestrian
195,292,642,478,721,vehicle
195,1615,627,1651,675,pedestrian
195,1423,427,1449,486,sign
195,1258,506,1293,554,sign
195,159,502,203,563,sign
195,1049,632,1124,677,vehicle
195,1634,93,1683,211,sign
195,1886,232,1917,344,sign
196,322,695,495,1059,pedestrian
196,639,705,802,1070,pedestrian
196,1236,681,1333,1017,pedestrian
196,1135,645,1253,1010,pedestrian
196,501,623,996,797,vehicle
196,1448,677,1920,835,vehicle
196,312,646,489,719,vehicle
196,941,312,993,392,sign
196,821,819,915,1048,pedestrian
196,1050,631,1124,677,vehicle
196,159,505,202,563,sign
196,1423,428,1446,486,sign
196,1116,842,1176,920,27
196,1631,96,1680,213,sign
196,1260,505,1292,554,sign
196,1606,627,1649,675,pedestrian
196,1880,236,1916,343,sign
196,413,775,466,885,27
197,327,705,506,1059,pedestrian
197,643,694,812,1069,pedestrian
197,1152,660,1260,1003,pedestrian
197,578,627,1064,801,vehicle
197,1247,676,1346,1006,pedestrian
197,1497,673,1910,831,vehicle
197,829,824,951,1048,pedestrian
197,943,312,994,394,sign
197,330,643,508,718,vehicle
197,161,507,202,565,sign
197,484,631,567,680,vehicle
197,1423,428,1447,487,sign
197,1258,507,1293,556,sign
197,1123,837,1183,927,27
197,1604,628,1639,683,pedestrian
197,1886,245,1919,342,sign
197,1632,92,1680,208,sign
197,441,764,492,880,27
197,870,599,921,622,vehicle
